agency,contact_via,source,sent,followup,reply,outcome,notes
Connex Digital,https://zapier.com/partnerdirectory/partner/connex-digital,"Zapier Solution Partner directory (Platinum), 2026-10-02",,,,,
Ridgeline Agency,https://zapier.com/partnerdirectory/partner/ridgeline-agency,"Zapier Solution Partner directory (Platinum), 2026-10-02",,,,,
Ashar Malik,https://zapier.com/partnerdirectory/partner/ashar-malik,"Zapier Solution Partner directory (Platinum), 2026-10-02",,,,,
Flow Digital,https://zapier.com/partnerdirectory/partner/flow-digital,"Zapier Solution Partner directory (Platinum), 2026-10-02",,,,,
Expreso Agencia Digital,https://zapier.com/partnerdirectory/partner/expreso-agencia-digital,"Zapier Solution Partner directory (Platinum), 2026-10-02",,,,,
Atlas AI,https://zapier.com/partnerdirectory/partner/atlas-ai,"Zapier Solution Partner directory (Platinum), 2026-10-02",,,,,
Net3Marketing,https://zapier.com/partnerdirectory/partner/net3marketing,"Zapier Solution Partner directory (Platinum), 2026-10-02",,,,,
Pineo,https://zapier.com/partnerdirectory/partner/pineo,"Zapier Solution Partner directory (Platinum), 2026-10-02",,,,,
PromoPilot,https://zapier.com/partnerdirectory/partner/promopilot,"Zapier Solution Partner directory (Platinum), 2026-10-02",,,,,
Automation Consulting Services,https://zapier.com/partnerdirectory/partner/automation-consulting-services,"Zapier Solution Partner directory (Platinum), 2026-10-02",,,,,
Ops Designed,https://zapier.com/partnerdirectory/partner/ops-designed,"Zapier Solution Partner directory (Platinum), 2026-10-02",,,,,
AutomateMyBiz,https://zapier.com/partnerdirectory/partner/automatemybiz,"Zapier Solution Partner directory (Platinum), 2026-10-02",,,,,
GetUWired,https://zapier.com/partnerdirectory/partner/getuwired,"Zapier Solution Partner directory (Platinum), 2026-10-02",,,,,
The Joinary,https://zapier.com/partnerdirectory/partner/the-joinary,"Zapier Solution Partner directory (Platinum), 2026-10-02",,,,,
Alltomate,https://zapier.com/partnerdirectory/partner/alltomate-by-miguel-carlos-arao,"Zapier Solution Partner directory (Platinum), 2026-10-02",,,,,
debesis,https://zapier.com/partnerdirectory/partner/debesis,"Zapier Solution Partner directory (Platinum), 2026-10-02",,,,,
iSales Solutions,https://zapier.com/partnerdirectory/partner/isales-solutions,"Zapier Solution Partner directory (Platinum), 2026-10-02",,,,,
MVRK Inc.,https://zapier.com/partnerdirectory/partner/mvrk-inc,"Zapier Solution Partner directory (Platinum), 2026-10-02",,,,,
MercOlogy,https://zapier.com/partnerdirectory/partner/mercology,"Zapier Solution Partner directory (Platinum), 2026-10-02",,,,,
DrivenStack,https://zapier.com/partnerdirectory/partner/drivenstack,"Zapier Solution Partner directory (Platinum), 2026-10-02",,,,,
workFlowers,https://zapier.com/partnerdirectory/partner/workflowers,"Zapier Solution Partner directory (Platinum), 2026-10-02",,,,,
That Automation Agency,https://zapier.com/partnerdirectory/partner/that-automation-agency,"Zapier Solution Partner directory (Platinum), 2026-10-02",,,,,
MinorCo,https://zapier.com/partnerdirectory/partner/minorco,"Zapier Solution Partner directory (Platinum), 2026-10-02",,,,,
Solvaa,https://zapier.com/partnerdirectory/partner/solvaa,"Zapier Solution Partner directory (Platinum), 2026-10-02",,,,,
Seamless Automation,https://zapier.com/partnerdirectory/partner/seamless-automation,"Zapier Solution Partner directory (Platinum), 2026-10-02",,,,,
XRAY,https://zapier.com/partnerdirectory/partner/xray,"Zapier Solution Partner directory (Platinum), 2026-10-02",,,,,
Hypelocal,https://zapier.com/partnerdirectory/partner/hypelocal,"Zapier Solution Partner directory (Platinum), 2026-10-02",,,,,
flowmondo,https://zapier.com/partnerdirectory/partner/flowmondo,"Zapier Solution Partner directory (Platinum), 2026-10-02",,,,,
Golmtech,https://zapier.com/partnerdirectory/partner/golmtech,"Zapier Solution Partner directory (Platinum), 2026-10-02",,,,,
Codex Solutions International,https://zapier.com/partnerdirectory/partner/codex-solutions-international,"Zapier Solution Partner directory (Platinum), 2026-10-02",,,,,
McBride Method,https://zapier.com/partnerdirectory/partner/mcbride-method,"Zapier Solution Partner directory (Platinum), 2026-10-02",,,,,
